path_name,size
/404,2021
/500,2007
/assets/USD-Affiliate-Product-Catalog_CUSTOM.xml,13878166
/file.svg,391
/fonts/SpecialElite-Regular.ttf,151068
/globe.svg,1035
/images/heroVhs.webp,416180
/next.svg,1375
/vercel.svg,128
/window.svg,385
/_next/static/CDyQY33n0mPSf_J2p2wgl/_buildManifest.js,465
/_next/static/CDyQY33n0mPSf_J2p2wgl/_ssgManifest.js,80
/_next/static/chunks/4bd1b696-92810b4b4ece63ad.js,167090
/_next/static/chunks/framework-6b27c2b7aa38af2d.js,181616
/_next/static/chunks/main-5d4472c5201b4a88.js,116947
/_next/static/chunks/main-app-a68a968ebb9f33db.js,182186
/_next/static/chunks/pages/_app-d23763e3e6c904ff.js,236
/_next/static/chunks/pages/_error-9b7125ad1a1e68fa.js,232
/_next/static/chunks/polyfills-42372ed130431b0a.js,112594
/_next/static/chunks/webpack-b8929893121c31bf.js,3284
/sitemap.xml,2328279